path,worktree_root,status
"\355\215\274\353\234\251\354\261\204\352\265\264 \353\252\250\353\260\224\354\235\274 \353\252\251\354\227\205\354\202\254\354\247\204.zip","C:/Users/PC/Desktop/putduk-mining","untracked"
"C:\Users\PC\.cursor\worktrees\putduk-pc-admin-deposits\apps\admin\tests\admin-usdt-deposits-canonical.test.ts","C:/Users/PC/.cursor/worktrees/putduk-pc-admin-deposits","dirty"
"C:\Users\PC\.cursor\worktrees\putduk-pc-admin-kyc\apps\admin\app\(control)\kyc\review-rpc.ts","C:/Users/PC/.cursor/worktrees/putduk-pc-admin-kyc","dirty"
"C:\Users\PC\.cursor\worktrees\putduk-pc-admin-kyc\tests\e2e\authenticated\admin-kyc-product.spec.ts","C:/Users/PC/.cursor/worktrees/putduk-pc-admin-kyc","dirty"
"C:\Users\PC\.cursor\worktrees\putduk-pc-admin-kyc\tests\e2e\authenticated\helpers\admin-kyc-ui.ts","C:/Users/PC/.cursor/worktrees/putduk-pc-admin-kyc","dirty"
"C:\Users\PC\.cursor\worktrees\putduk-pc-admin-kyc\tests\unit\admin-kyc-review.test.ts","C:/Users/PC/.cursor/worktrees/putduk-pc-admin-kyc","dirty"
"C:\Users\PC\.cursor\worktrees\putduk-pc-admin-members\apps\admin\app\(control)\members\_lib\member-evidence.ts","C:/Users/PC/.cursor/worktrees/putduk-pc-admin-members","dirty"
"C:\Users\PC\.cursor\worktrees\putduk-pc-admin-members\apps\admin\app\(control)\members\_lib\member-evidence-labels.ts","C:/Users/PC/.cursor/worktrees/putduk-pc-admin-members","dirty"
"C:\Users\PC\.cursor\worktrees\putduk-pc-admin-members\apps\admin\app\(control)\members\error.tsx","C:/Users/PC/.cursor/worktrees/putduk-pc-admin-members","dirty"
"C:\Users\PC\.cursor\worktrees\putduk-pc-admin-members\apps\admin\app\(control)\members\loading.tsx","C:/Users/PC/.cursor/worktrees/putduk-pc-admin-members","dirty"
"C:\Users\PC\.cursor\worktrees\putduk-pc-admin-members\apps\admin\app\(control)\members\members.module.css","C:/Users/PC/.cursor/worktrees/putduk-pc-admin-members","dirty"
"C:\Users\PC\.cursor\worktrees\putduk-pc-admin-members\apps\admin\tests\member-evidence.test.ts","C:/Users/PC/.cursor/worktrees/putduk-pc-admin-members","dirty"
"C:\Users\PC\.cursor\worktrees\putduk-pc-admin-members\docs\quality\ADMIN-MEMBER-MINING-COUNT-READ.md","C:/Users/PC/.cursor/worktrees/putduk-pc-admin-members","dirty"
"C:\Users\PC\.cursor\worktrees\putduk-pc-admin-members\supabase\migrations\20260929151000_admin_member_mining_sessions_select.sql","C:/Users/PC/.cursor/worktrees/putduk-pc-admin-members","dirty"
"C:\Users\PC\.cursor\worktrees\putduk-pc-admin-members\supabase\tests\database\admin_member_mining_count_read.sql","C:/Users/PC/.cursor/worktrees/putduk-pc-admin-members","dirty"
"C:\Users\PC\.cursor\worktrees\putduk-pc-admin-members\tests\e2e\authenticated\admin-members-product.spec.ts","C:/Users/PC/.cursor/worktrees/putduk-pc-admin-members","dirty"
"C:\Users\PC\.cursor\worktrees\putduk-pc-admin-restrictions\apps\admin\app\(control)\restrictions\safe-mode-policy.ts","C:/Users/PC/.cursor/worktrees/putduk-pc-admin-restrictions","dirty"
"C:\Users\PC\.cursor\worktrees\putduk-pc-admin-restrictions\apps\admin\tests\restrictions-safe-mode.test.ts","C:/Users/PC/.cursor/worktrees/putduk-pc-admin-restrictions","dirty"
"C:\Users\PC\.cursor\worktrees\putduk-pc-admin-restrictions\tests\e2e\authenticated\admin-restrictions-safe-mode.spec.ts","C:/Users/PC/.cursor/worktrees/putduk-pc-admin-restrictions","dirty"
"C:\Users\PC\.cursor\worktrees\putduk-pc-admin-today\apps\admin\app\(control)\_lib\load-today-snapshot.ts","C:/Users/PC/.cursor/worktrees/putduk-pc-admin-today","dirty"
"C:\Users\PC\.cursor\worktrees\putduk-pc-admin-today\apps\admin\app\(control)\_lib\today-snapshot.ts","C:/Users/PC/.cursor/worktrees/putduk-pc-admin-today","dirty"
"C:\Users\PC\.cursor\worktrees\putduk-pc-admin-today\apps\admin\components\today\today.module.css","C:/Users/PC/.cursor/worktrees/putduk-pc-admin-today","dirty"
"C:\Users\PC\.cursor\worktrees\putduk-pc-admin-today\apps\admin\components\today\today-refresh-button.tsx","C:/Users/PC/.cursor/worktrees/putduk-pc-admin-today","dirty"
"C:\Users\PC\.cursor\worktrees\putduk-pc-admin-today\apps\admin\components\today\today-view.tsx","C:/Users/PC/.cursor/worktrees/putduk-pc-admin-today","dirty"
"C:\Users\PC\.cursor\worktrees\putduk-pc-admin-today\apps\admin\tests\today-snapshot.test.ts","C:/Users/PC/.cursor/worktrees/putduk-pc-admin-today","dirty"
"C:\Users\PC\.cursor\worktrees\putduk-pc-admin-today\tests\e2e\authenticated\admin-today.spec.ts","C:/Users/PC/.cursor/worktrees/putduk-pc-admin-today","dirty"
"C:\Users\PC\.cursor\worktrees\putduk-pc-admin-withdrawals\apps\admin\app\(control)\withdrawals\_components\queue-states.module.css","C:/Users/PC/.cursor/worktrees/putduk-pc-admin-withdrawals","dirty"
"C:\Users\PC\.cursor\worktrees\putduk-pc-admin-withdrawals\apps\admin\app\(control)\withdrawals\_components\queue-states.tsx","C:/Users/PC/.cursor/worktrees/putduk-pc-admin-withdrawals","dirty"
"C:\Users\PC\.cursor\worktrees\putduk-pc-admin-withdrawals\apps\admin\app\(control)\withdrawals\error.tsx","C:/Users/PC/.cursor/worktrees/putduk-pc-admin-withdrawals","dirty"
"C:\Users\PC\.cursor\worktrees\putduk-pc-admin-withdrawals\apps\admin\app\(control)\withdrawals\loading.tsx","C:/Users/PC/.cursor/worktrees/putduk-pc-admin-withdrawals","dirty"
"C:\Users\PC\.cursor\worktrees\putduk-pc-admin-withdrawals\docs\quality\ADMIN-WITHDRAWALS-PRODUCT-EVIDENCE.md","C:/Users/PC/.cursor/worktrees/putduk-pc-admin-withdrawals","dirty"
"C:\Users\PC\.cursor\worktrees\putduk-pc-admin-withdrawals\tests\e2e\authenticated\admin-withdrawals-product.spec.ts","C:/Users/PC/.cursor/worktrees/putduk-pc-admin-withdrawals","dirty"
"C:\Users\PC\.cursor\worktrees\putduk-pc-ai\components\product\putduk-ai-chat.module.css","C:/Users/PC/.cursor/worktrees/putduk-pc-ai","dirty"
"C:\Users\PC\.cursor\worktrees\putduk-pc-ai\docs\ai\CONVERSATION-CONTINUITY-AUDIT.md","C:/Users/PC/.cursor/worktrees/putduk-pc-ai","dirty"
"C:\Users\PC\.cursor\worktrees\putduk-pc-ai\domain\ai\continuity.ts","C:/Users/PC/.cursor/worktrees/putduk-pc-ai","dirty"
"C:\Users\PC\.cursor\worktrees\putduk-pc-ai\tests\e2e\authenticated\ai-product.spec.ts","C:/Users/PC/.cursor/worktrees/putduk-pc-ai","dirty"
"C:\Users\PC\.cursor\worktrees\putduk-pc-ai\tests\unit\ai-money-continuity.test.ts","C:/Users/PC/.cursor/worktrees/putduk-pc-ai","dirty"
"C:\Users\PC\.cursor\worktrees\putduk-pc-events\app\(product)\events\[slug]\error.tsx","C:/Users/PC/.cursor/worktrees/putduk-pc-events","dirty"
"C:\Users\PC\.cursor\worktrees\putduk-pc-events\app\(product)\events\[slug]\loading.tsx","C:/Users/PC/.cursor/worktrees/putduk-pc-events","dirty"
"C:\Users\PC\.cursor\worktrees\putduk-pc-events\app\(product)\events\[slug]\page.tsx","C:/Users/PC/.cursor/worktrees/putduk-pc-events","dirty"
"C:\Users\PC\.cursor\worktrees\putduk-pc-events\docs\quality\EVENTS-MEMBER-LANE-EVIDENCE.md","C:/Users/PC/.cursor/worktrees/putduk-pc-events","dirty"
"C:\Users\PC\.cursor\worktrees\putduk-pc-events\domain\events\member-read-model.ts","C:/Users/PC/.cursor/worktrees/putduk-pc-events","dirty"
"C:\Users\PC\.cursor\worktrees\putduk-pc-events\playwright.events-product.config.ts","C:/Users/PC/.cursor/worktrees/putduk-pc-events","dirty"
"C:\Users\PC\.cursor\worktrees\putduk-pc-events\tests\e2e\authenticated\events-product.spec.ts","C:/Users/PC/.cursor/worktrees/putduk-pc-events","dirty"
"C:\Users\PC\.cursor\worktrees\putduk-pc-events\tests\e2e\authenticated\helpers\events-fixtures.ts","C:/Users/PC/.cursor/worktrees/putduk-pc-events","dirty"
"C:\Users\PC\.cursor\worktrees\putduk-pc-events\tests\unit\events-member-read-model.test.ts","C:/Users/PC/.cursor/worktrees/putduk-pc-events","dirty"
"C:\Users\PC\.cursor\worktrees\putduk-pc-home-start\app\(product)\home\error.tsx","C:/Users/PC/.cursor/worktrees/putduk-pc-home-start","dirty"
"C:\Users\PC\.cursor\worktrees\putduk-pc-home-start\app\(product)\home\home.module.css","C:/Users/PC/.cursor/worktrees/putduk-pc-home-start","dirty"
"C:\Users\PC\.cursor\worktrees\putduk-pc-home-start\app\(product)\home\loading.tsx","C:/Users/PC/.cursor/worktrees/putduk-pc-home-start","dirty"
"C:\Users\PC\.cursor\worktrees\putduk-pc-home-start\app\(product)\start\error.tsx","C:/Users/PC/.cursor/worktrees/putduk-pc-home-start","dirty"
"C:\Users\PC\.cursor\worktrees\putduk-pc-home-start\app\(product)\start\loading.tsx","C:/Users/PC/.cursor/worktrees/putduk-pc-home-start","dirty"
"C:\Users\PC\.cursor\worktrees\putduk-pc-home-start\app\(product)\start\start.module.css","C:/Users/PC/.cursor/worktrees/putduk-pc-home-start","dirty"
"C:\Users\PC\.cursor\worktrees\putduk-pc-home-start\components\product\route-reload-button.tsx","C:/Users/PC/.cursor/worktrees/putduk-pc-home-start","dirty"
"C:\Users\PC\.cursor\worktrees\putduk-pc-home-start\components\product\start-actions.module.css","C:/Users/PC/.cursor/worktrees/putduk-pc-home-start","dirty"
"C:\Users\PC\.cursor\worktrees\putduk-pc-home-start\lib\product\home-start-display.ts","C:/Users/PC/.cursor/worktrees/putduk-pc-home-start","dirty"
"C:\Users\PC\.cursor\worktrees\putduk-pc-home-start\tests\e2e\authenticated\home-start-product.spec.ts","C:/Users/PC/.cursor/worktrees/putduk-pc-home-start","dirty"
"C:\Users\PC\.cursor\worktrees\putduk-pc-home-start\tests\unit\home-start-display.test.ts","C:/Users/PC/.cursor/worktrees/putduk-pc-home-start","dirty"
"C:\Users\PC\.cursor\worktrees\putduk-pc-menu\app\(product)\menu\account\account-mask.ts","C:/Users/PC/.cursor/worktrees/putduk-pc-menu","dirty"
"C:\Users\PC\.cursor\worktrees\putduk-pc-menu\app\(product)\menu\account\error.tsx","C:/Users/PC/.cursor/worktrees/putduk-pc-menu","dirty"
"C:\Users\PC\.cursor\worktrees\putduk-pc-menu\app\(product)\menu\account\loading.tsx","C:/Users/PC/.cursor/worktrees/putduk-pc-menu","dirty"
"C:\Users\PC\.cursor\worktrees\putduk-pc-menu\app\(product)\menu\error.tsx","C:/Users/PC/.cursor/worktrees/putduk-pc-menu","dirty"
"C:\Users\PC\.cursor\worktrees\putduk-pc-menu\app\(product)\menu\loading.tsx","C:/Users/PC/.cursor/worktrees/putduk-pc-menu","dirty"
"C:\Users\PC\.cursor\worktrees\putduk-pc-menu\app\(product)\menu\menu.module.css","C:/Users/PC/.cursor/worktrees/putduk-pc-menu","dirty"
"C:\Users\PC\.cursor\worktrees\putduk-pc-menu\app\(product)\menu\menu-items.ts","C:/Users/PC/.cursor/worktrees/putduk-pc-menu","dirty"
"C:\Users\PC\.cursor\worktrees\putduk-pc-menu\app\(product)\menu\notifications\error.tsx","C:/Users/PC/.cursor/worktrees/putduk-pc-menu","dirty"
"C:\Users\PC\.cursor\worktrees\putduk-pc-menu\app\(product)\menu\notifications\loading.tsx","C:/Users/PC/.cursor/worktrees/putduk-pc-menu","dirty"
"C:\Users\PC\.cursor\worktrees\putduk-pc-menu\tests\e2e\authenticated\menu-product.spec.ts","C:/Users/PC/.cursor/worktrees/putduk-pc-menu","dirty"
"C:\Users\PC\.cursor\worktrees\putduk-pc-menu\tests\unit\menu-product.test.ts","C:/Users/PC/.cursor/worktrees/putduk-pc-menu","dirty"
"C:\Users\PC\.cursor\worktrees\putduk-pc-notifications\app\(product)\notifications\error.tsx","C:/Users/PC/.cursor/worktrees/putduk-pc-notifications","dirty"
"C:\Users\PC\.cursor\worktrees\putduk-pc-notifications\app\(product)\notifications\loading.tsx","C:/Users/PC/.cursor/worktrees/putduk-pc-notifications","dirty"
"C:\Users\PC\.cursor\worktrees\putduk-pc-notifications\domain\notifications\member-inbox.ts","C:/Users/PC/.cursor/worktrees/putduk-pc-notifications","dirty"
"C:\Users\PC\.cursor\worktrees\putduk-pc-notifications\tests\e2e\authenticated\helpers\notification-fixtures.ts","C:/Users/PC/.cursor/worktrees/putduk-pc-notifications","dirty"
"C:\Users\PC\.cursor\worktrees\putduk-pc-notifications\tests\e2e\authenticated\notifications-product.spec.ts","C:/Users/PC/.cursor/worktrees/putduk-pc-notifications","dirty"
"C:\Users\PC\.cursor\worktrees\putduk-pc-notifications\tests\unit\notification-member-inbox.test.ts","C:/Users/PC/.cursor/worktrees/putduk-pc-notifications","dirty"
"C:\Users\PC\.cursor\worktrees\putduk-pc-support\components\support\support-runtime.module.css","C:/Users/PC/.cursor/worktrees/putduk-pc-support","dirty"
"C:\Users\PC\.cursor\worktrees\putduk-pc-support\docs\quality\SUPPORT-PRODUCT-ROUTE-EVIDENCE.md","C:/Users/PC/.cursor/worktrees/putduk-pc-support","dirty"
"C:\Users\PC\.cursor\worktrees\putduk-pc-support\playwright.support-product.config.ts","C:/Users/PC/.cursor/worktrees/putduk-pc-support","dirty"
"C:\Users\PC\.cursor\worktrees\putduk-pc-wallet\app\(product)\wallet\error.tsx","C:/Users/PC/.cursor/worktrees/putduk-pc-wallet","dirty"
"C:\Users\PC\.cursor\worktrees\putduk-pc-wallet\app\(product)\wallet\loading.tsx","C:/Users/PC/.cursor/worktrees/putduk-pc-wallet","dirty"
"C:\Users\PC\.cursor\worktrees\putduk-pc-wallet\components\product\wallet-read-recovery.tsx","C:/Users/PC/.cursor/worktrees/putduk-pc-wallet","dirty"
"C:\Users\PC\.cursor\worktrees\putduk-pc-wallet\components\product\wallet-read-view.tsx","C:/Users/PC/.cursor/worktrees/putduk-pc-wallet","dirty"
"C:\Users\PC\.cursor\worktrees\putduk-pc-wallet\domain\wallet\wallet-read.ts","C:/Users/PC/.cursor/worktrees/putduk-pc-wallet","dirty"
"C:\Users\PC\.cursor\worktrees\putduk-pc-wallet\lib\product\wallet-display.ts","C:/Users/PC/.cursor/worktrees/putduk-pc-wallet","dirty"
"C:\Users\PC\.cursor\worktrees\putduk-pc-wallet\tests\e2e\authenticated\wallet-product.spec.ts","C:/Users/PC/.cursor/worktrees/putduk-pc-wallet","dirty"
"C:\Users\PC\.cursor\worktrees\putduk-pc-wallet\tests\unit\wallet-read.test.ts","C:/Users/PC/.cursor/worktrees/putduk-pc-wallet","dirty"
"C:\Users\PC\.cursor\worktrees\putduk-pc-wallet\tests\unit\wallet-read-view-markup.test.ts","C:/Users/PC/.cursor/worktrees/putduk-pc-wallet","dirty"
"C:\Users\PC\.cursor\worktrees\putduk-pc-withdrawal\docs\quality\WITHDRAWAL-PRODUCT-EVIDENCE.md","C:/Users/PC/.cursor/worktrees/putduk-pc-withdrawal","dirty"
"C:\Users\PC\.cursor\worktrees\putduk-pc-withdrawal\scripts\run-withdrawal-product-e2e.mjs","C:/Users/PC/.cursor/worktrees/putduk-pc-withdrawal","dirty"
"C:\Users\PC\.cursor\worktrees\putduk-pc-withdrawal\tests\e2e\authenticated\helpers\withdrawal-fixtures.ts","C:/Users/PC/.cursor/worktrees/putduk-pc-withdrawal","dirty"
"C:\Users\PC\.cursor\worktrees\putduk-pc-withdrawal\tests\e2e\authenticated\withdrawal-product.spec.ts","C:/Users/PC/.cursor/worktrees/putduk-pc-withdrawal","dirty"
"C:\Users\PC\Desktop\putduk-mining\.cursor\rules\putduk-ci-wall-clock.local-before-sync.mdc","C:/Users/PC/Desktop/putduk-mining","untracked"
"C:\Users\PC\Desktop\putduk-mining\.worktrees\develop-d94bf8-empty-proof\apps\admin\next-env.d.ts","C:/Users/PC/Desktop/putduk-mining/.worktrees/develop-d94bf8-empty-proof","dirty"
"C:\Users\PC\Desktop\putduk-mining\.worktrees\develop-d94bf8-empty-proof\next-env.d.ts","C:/Users/PC/Desktop/putduk-mining/.worktrees/develop-d94bf8-empty-proof","dirty"
"C:\Users\PC\Desktop\putduk-mining\.worktrees\develop-d94bf8-empty-proof\tests\e2e\authenticated\empty-principal-proof.spec.ts","C:/Users/PC/Desktop/putduk-mining/.worktrees/develop-d94bf8-empty-proof","untracked"
"C:\Users\PC\Desktop\putduk-mining\.worktrees\lane-27\components\product\member-withdrawal-errors.ts","C:/Users/PC/Desktop/putduk-mining/.worktrees/lane-27","dirty"
"C:\Users\PC\Desktop\putduk-mining\.worktrees\lane-27\tests\unit\member-withdrawal-errors.test.ts","C:/Users/PC/Desktop/putduk-mining/.worktrees/lane-27","dirty"
"C:\Users\PC\Desktop\putduk-mining\.worktrees\lane-28\tests\e2e\authenticated\helpers\withdrawal-queue-fixture.ts","C:/Users/PC/Desktop/putduk-mining/.worktrees/lane-28","dirty"
"C:\Users\PC\Desktop\putduk-mining\.worktrees\lane-35\apps\admin\app\(control)\kyc\labels.ts","C:/Users/PC/Desktop/putduk-mining/.worktrees/lane-35","dirty"
"C:\Users\PC\Desktop\putduk-mining\.worktrees\lane-36\app\support\support-page.module.css","C:/Users/PC/Desktop/putduk-mining/.worktrees/lane-36","dirty"
"C:\Users\PC\Desktop\putduk-mining\.worktrees\lane-36\tests\e2e\support-typography.spec.ts","C:/Users/PC/Desktop/putduk-mining/.worktrees/lane-36","dirty"
"C:\Users\PC\Desktop\putduk-mining\.worktrees\lane-ai-20261006\app\api\v1\ai\feedback\route.ts","C:/Users/PC/Desktop/putduk-mining/.worktrees/lane-ai-20261006","dirty"
"C:\Users\PC\Desktop\putduk-mining\.worktrees\lane-ai-20261006\domain\ai\member-feedback.ts","C:/Users/PC/Desktop/putduk-mining/.worktrees/lane-ai-20261006","dirty"
"C:\Users\PC\Desktop\putduk-mining\.worktrees\lane-ai-20261006\domain\ai\member-learning.ts","C:/Users/PC/Desktop/putduk-mining/.worktrees/lane-ai-20261006","dirty"
"C:\Users\PC\Desktop\putduk-mining\.worktrees\lane-ai-20261006\domain\ai\member-transcript.ts","C:/Users/PC/Desktop/putduk-mining/.worktrees/lane-ai-20261006","dirty"
"C:\Users\PC\Desktop\putduk-mining\.worktrees\lane-ai-20261006\lib\ai\member-conversation.ts","C:/Users/PC/Desktop/putduk-mining/.worktrees/lane-ai-20261006","dirty"
"C:\Users\PC\Desktop\putduk-mining\.worktrees\lane-ai-20261006\lib\ai\member-conversation-read.ts","C:/Users/PC/Desktop/putduk-mining/.worktrees/lane-ai-20261006","dirty"
"C:\Users\PC\Desktop\putduk-mining\.worktrees\lane-ai-20261006\lib\ai\provider-turn.ts","C:/Users/PC/Desktop/putduk-mining/.worktrees/lane-ai-20261006","dirty"
"C:\Users\PC\Desktop\putduk-mining\.worktrees\lane-ai-20261006\tests\unit\ai-member-conversation.test.ts","C:/Users/PC/Desktop/putduk-mining/.worktrees/lane-ai-20261006","dirty"
"C:\Users\PC\Desktop\putduk-mining\.worktrees\lane-money-20261006\supabase\migrations\20261006032821_withdrawal_verified_source_hold.sql","C:/Users/PC/Desktop/putduk-mining/.worktrees/lane-money-20261006","dirty"
"C:\Users\PC\Desktop\putduk-mining\.worktrees\lane-money-20261006\supabase\migrations\20261006043058_mining_reward_withdrawal_reservation.sql","C:/Users/PC/Desktop/putduk-mining/.worktrees/lane-money-20261006","dirty"
"C:\Users\PC\Desktop\putduk-mining\.worktrees\lane-money-20261006\supabase\migrations\20261006050208_withdrawal_reserved_source_disposition.sql","C:/Users/PC/Desktop/putduk-mining/.worktrees/lane-money-20261006","dirty"
"C:\Users\PC\Desktop\putduk-mining\.worktrees\lane-money-20261006\supabase\tests\database\withdrawal_mining_reward_hold.sql","C:/Users/PC/Desktop/putduk-mining/.worktrees/lane-money-20261006","dirty"
"C:\Users\PC\Desktop\putduk-mining\.worktrees\lane-money-20261006\supabase\tests\database\withdrawal_reserved_source_disposition.sql","C:/Users/PC/Desktop/putduk-mining/.worktrees/lane-money-20261006","dirty"
"C:\Users\PC\Desktop\putduk-mining\.worktrees\lane-money-20261006\supabase\tests\database\withdrawal_source_hold.sql","C:/Users/PC/Desktop/putduk-mining/.worktrees/lane-money-20261006","dirty"
"C:\Users\PC\Desktop\putduk-mining\.worktrees\lane-money-20261006\tests\unit\withdrawal-mining-reward-hold.test.ts","C:/Users/PC/Desktop/putduk-mining/.worktrees/lane-money-20261006","dirty"
"C:\Users\PC\Desktop\putduk-mining\.worktrees\lane-money-20261006\tests\unit\withdrawal-reserved-source-disposition.test.ts","C:/Users/PC/Desktop/putduk-mining/.worktrees/lane-money-20261006","dirty"
"C:\Users\PC\Desktop\putduk-mining\.worktrees\parallel-closure-20261002-2217\.cursor\rules\putduk-ci-wall-clock.mdc","C:/Users/PC/Desktop/putduk-mining/.worktrees/parallel-closure-20261002-2217","dirty"
"C:\Users\PC\Desktop\putduk-mining\.worktrees\parallel-closure-20261002-2217\apps\admin\app\(control)\deposits\krw\[id]\approve-form.tsx","C:/Users/PC/Desktop/putduk-mining/.worktrees/parallel-closure-20261002-2217","dirty"
"C:\Users\PC\Desktop\putduk-mining\.worktrees\parallel-closure-20261002-2217\apps\admin\app\(control)\deposits\krw\[id]\page.tsx","C:/Users/PC/Desktop/putduk-mining/.worktrees/parallel-closure-20261002-2217","dirty"
"C:\Users\PC\Desktop\putduk-mining\.worktrees\parallel-closure-20261002-2217\apps\admin\app\(control)\deposits\krw\loading.tsx","C:/Users/PC/Desktop/putduk-mining/.worktrees/parallel-closure-20261002-2217","dirty"
"C:\Users\PC\Desktop\putduk-mining\.worktrees\parallel-closure-20261002-2217\apps\admin\app\(control)\deposits\krw\page.tsx","C:/Users/PC/Desktop/putduk-mining/.worktrees/parallel-closure-20261002-2217","dirty"
"C:\Users\PC\Desktop\putduk-mining\.worktrees\parallel-closure-20261002-2217\apps\admin\app\api\v1\admin\deposits\krw\status\route.ts","C:/Users/PC/Desktop/putduk-mining/.worktrees/parallel-closure-20261002-2217","dirty"
"C:\Users\PC\Desktop\putduk-mining\.worktrees\parallel-closure-20261002-2217\apps\admin\app\api\v1\admin\session\totp-verify\route.ts","C:/Users/PC/Desktop/putduk-mining/.worktrees/parallel-closure-20261002-2217","dirty"
"C:\Users\PC\Desktop\putduk-mining\.worktrees\parallel-closure-20261002-2217\apps\admin\app\mfa\actions.ts","C:/Users/PC/Desktop/putduk-mining/.worktrees/parallel-closure-20261002-2217","dirty"
"C:\Users\PC\Desktop\putduk-mining\.worktrees\parallel-closure-20261002-2217\apps\admin\components\money-operation-form.tsx","C:/Users/PC/Desktop/putduk-mining/.worktrees/parallel-closure-20261002-2217","dirty"
"C:\Users\PC\Desktop\putduk-mining\.worktrees\parallel-closure-20261002-2217\apps\admin\lib\auth\failure-limit.ts","C:/Users/PC/Desktop/putduk-mining/.worktrees/parallel-closure-20261002-2217","dirty"
"C:\Users\PC\Desktop\putduk-mining\.worktrees\parallel-closure-20261002-2217\apps\admin\lib\auth\failure-limit-policy.ts","C:/Users/PC/Desktop/putduk-mining/.worktrees/parallel-closure-20261002-2217","dirty"
"C:\Users\PC\Desktop\putduk-mining\.worktrees\parallel-closure-20261002-2217\apps\admin\lib\auth\mfa-prepare.ts","C:/Users/PC/Desktop/putduk-mining/.worktrees/parallel-closure-20261002-2217","dirty"
"C:\Users\PC\Desktop\putduk-mining\.worktrees\parallel-closure-20261002-2217\apps\admin\lib\auth\mfa-prepare-types.ts","C:/Users/PC/Desktop/putduk-mining/.worktrees/parallel-closure-20261002-2217","dirty"
"C:\Users\PC\Desktop\putduk-mining\.worktrees\parallel-closure-20261002-2217\apps\admin\lib\deposits\krw-approve-state.ts","C:/Users/PC/Desktop/putduk-mining/.worktrees/parallel-closure-20261002-2217","dirty"
"C:\Users\PC\Desktop\putduk-mining\.worktrees\parallel-closure-20261002-2217\apps\admin\lib\deposits\krw-queue.ts","C:/Users/PC/Desktop/putduk-mining/.worktrees/parallel-closure-20261002-2217","dirty"
"C:\Users\PC\Desktop\putduk-mining\.worktrees\parallel-closure-20261002-2217\apps\admin\lib\money\logical-operation.ts","C:/Users/PC/Desktop/putduk-mining/.worktrees/parallel-closure-20261002-2217","dirty"
"C:\Users\PC\Desktop\putduk-mining\.worktrees\parallel-closure-20261002-2217\apps\admin\tests\admin-auth-failure-limit.test.ts","C:/Users/PC/Desktop/putduk-mining/.worktrees/parallel-closure-20261002-2217","dirty"
"C:\Users\PC\Desktop\putduk-mining\.worktrees\parallel-closure-20261002-2217\apps\admin\tests\krw-approve-state.test.ts","C:/Users/PC/Desktop/putduk-mining/.worktrees/parallel-closure-20261002-2217","dirty"
"C:\Users\PC\Desktop\putduk-mining\.worktrees\parallel-closure-20261002-2217\components\mining-live\mining-live-stage.module.css","C:/Users/PC/Desktop/putduk-mining/.worktrees/parallel-closure-20261002-2217","dirty"
"C:\Users\PC\Desktop\putduk-mining\.worktrees\parallel-closure-20261002-2217\components\mining-live\mining-live-stage.tsx","C:/Users/PC/Desktop/putduk-mining/.worktrees/parallel-closure-20261002-2217","dirty"
"C:\Users\PC\Desktop\putduk-mining\.worktrees\parallel-closure-20261002-2217\components\mining-live\scene-decoration.tsx","C:/Users/PC/Desktop/putduk-mining/.worktrees/parallel-closure-20261002-2217","dirty"
"C:\Users\PC\Desktop\putduk-mining\.worktrees\parallel-closure-20261002-2217\lib\mining-scene\display-profile-boundary.ts","C:/Users/PC/Desktop/putduk-mining/.worktrees/parallel-closure-20261002-2217","dirty"
"C:\Users\PC\Desktop\putduk-mining\.worktrees\parallel-closure-20261002-2217\lib\mining-scene\economic-field-guard.ts","C:/Users/PC/Desktop/putduk-mining/.worktrees/parallel-closure-20261002-2217","dirty"
"C:\Users\PC\Desktop\putduk-mining\.worktrees\parallel-closure-20261002-2217\lib\mining-scene\index.ts","C:/Users/PC/Desktop/putduk-mining/.worktrees/parallel-closure-20261002-2217","dirty"
"C:\Users\PC\Desktop\putduk-mining\.worktrees\parallel-closure-20261002-2217\lib\mining-scene\product-presentation.ts","C:/Users/PC/Desktop/putduk-mining/.worktrees/parallel-closure-20261002-2217","dirty"
"C:\Users\PC\Desktop\putduk-mining\.worktrees\parallel-closure-20261002-2217\lib\mining-scene\resolve-scene.ts","C:/Users/PC/Desktop/putduk-mining/.worktrees/parallel-closure-20261002-2217","dirty"
"C:\Users\PC\Desktop\putduk-mining\.worktrees\parallel-closure-20261002-2217\lib\mining-scene\safe-scene-copy.ts","C:/Users/PC/Desktop/putduk-mining/.worktrees/parallel-closure-20261002-2217","dirty"
"C:\Users\PC\Desktop\putduk-mining\.worktrees\parallel-closure-20261002-2217\lib\mining-scene\scene-registry.ts","C:/Users/PC/Desktop/putduk-mining/.worktrees/parallel-closure-20261002-2217","dirty"
"C:\Users\PC\Desktop\putduk-mining\.worktrees\parallel-closure-20261002-2217\lib\mining-scene\sk-hynix-v3-reference.ts","C:/Users/PC/Desktop/putduk-mining/.worktrees/parallel-closure-20261002-2217","dirty"
"C:\Users\PC\Desktop\putduk-mining\.worktrees\parallel-closure-20261002-2217\lib\mining-scene\stage-input.ts","C:/Users/PC/Desktop/putduk-mining/.worktrees/parallel-closure-20261002-2217","dirty"
"C:\Users\PC\Desktop\putduk-mining\.worktrees\parallel-closure-20261002-2217\lib\mining-scene\types.ts","C:/Users/PC/Desktop/putduk-mining/.worktrees/parallel-closure-20261002-2217","dirty"
"C:\Users\PC\Desktop\putduk-mining\.worktrees\parallel-closure-20261002-2217\scripts\ci-supabase-start.sh","C:/Users/PC/Desktop/putduk-mining/.worktrees/parallel-closure-20261002-2217","dirty"
"C:\Users\PC\Desktop\putduk-mining\.worktrees\parallel-closure-20261002-2217\scripts\run-local-authenticated-e2e.d.mts","C:/Users/PC/Desktop/putduk-mining/.worktrees/parallel-closure-20261002-2217","dirty"
"C:\Users\PC\Desktop\putduk-mining\.worktrees\parallel-closure-20261002-2217\scripts\run-withdrawal-product-e2e.d.mts","C:/Users/PC/Desktop/putduk-mining/.worktrees/parallel-closure-20261002-2217","dirty"
"C:\Users\PC\Desktop\putduk-mining\.worktrees\parallel-closure-20261002-2217\scripts\typography-protected-servers.d.mts","C:/Users/PC/Desktop/putduk-mining/.worktrees/parallel-closure-20261002-2217","dirty"
"C:\Users\PC\Desktop\putduk-mining\.worktrees\parallel-closure-20261002-2217\scripts\write-ephemeral-withdrawal-key.d.mts","C:/Users/PC/Desktop/putduk-mining/.worktrees/parallel-closure-20261002-2217","dirty"
"C:\Users\PC\Desktop\putduk-mining\.worktrees\parallel-closure-20261002-2217\supabase\migrations\20261002230000_krw_deposit_journal_integrity.sql","C:/Users/PC/Desktop/putduk-mining/.worktrees/parallel-closure-20261002-2217","dirty"
"C:\Users\PC\Desktop\putduk-mining\.worktrees\parallel-closure-20261002-2217\supabase\tests\database\krw_deposit_journal_integrity.sql","C:/Users/PC/Desktop/putduk-mining/.worktrees/parallel-closure-20261002-2217","dirty"
"C:\Users\PC\Desktop\putduk-mining\.worktrees\parallel-closure-20261002-2217\tests\unit\ci\secret-mask-and-target.test.ts","C:/Users/PC/Desktop/putduk-mining/.worktrees/parallel-closure-20261002-2217","dirty"
"C:\Users\PC\Desktop\putduk-mining\.worktrees\parallel-closure-20261002-2217\tests\unit\mining-scene\scene-platform.test.ts","C:/Users/PC/Desktop/putduk-mining/.worktrees/parallel-closure-20261002-2217","dirty"
"C:\Users\PC\Desktop\putduk-mining\.worktrees\parallel-closure-20261002-2217\tests\unit\wallet\krw-deposit-journal.test.ts","C:/Users/PC/Desktop/putduk-mining/.worktrees/parallel-closure-20261002-2217","dirty"
"C:\Users\PC\Desktop\putduk-mining\.worktrees\pr38-clean-20261002\supabase\config.toml","C:/Users/PC/Desktop/putduk-mining/.worktrees/pr38-clean-20261002","dirty"
"C:\Users\PC\Desktop\putduk-mining\.worktrees\pr38-followup-20261001\.pr39-body.md","C:/Users/PC/Desktop/putduk-mining/.worktrees/pr38-followup-20261001","untracked"
"C:\Users\PC\Desktop\putduk-mining\.worktrees\pr38-followup-20261001\.pr39-body-updated.md","C:/Users/PC/Desktop/putduk-mining/.worktrees/pr38-followup-20261001","untracked"
"C:\Users\PC\Desktop\putduk-mining\.worktrees\pr38-followup-20261001\apps\admin\tests\kyc-review-evidence-action.test.ts","C:/Users/PC/Desktop/putduk-mining/.worktrees/pr38-followup-20261001","dirty"
"C:\Users\PC\Desktop\putduk-mining\.worktrees\pr38-followup-20261001\docs\quality\PR39-REVIEW-BRANCH-WORK-REPORT.md","C:/Users/PC/Desktop/putduk-mining/.worktrees/pr38-followup-20261001","dirty"
"C:\Users\PC\Desktop\putduk-mining\.worktrees\pr38-followup-20261001\docs\quality\WS-05-CLOSURE.md","C:/Users/PC/Desktop/putduk-mining/.worktrees/pr38-followup-20261001","dirty"
"C:\Users\PC\Desktop\putduk-mining\.worktrees\pr38-followup-20261001\supabase\migrations\20261001135427_admin_crypto_withdrawal_service_read.sql","C:/Users/PC/Desktop/putduk-mining/.worktrees/pr38-followup-20261001","dirty"
"C:\Users\PC\Desktop\putduk-mining\.worktrees\pr38-followup-20261001\supabase\migrations\20261001152950_service_role_default_privilege_lock.sql","C:/Users/PC/Desktop/putduk-mining/.worktrees/pr38-followup-20261001","dirty"
"C:\Users\PC\Desktop\putduk-mining\.worktrees\pr38-followup-20261001\supabase\migrations\20261002103000_service_role_revoke_image_default_writes.sql","C:/Users/PC/Desktop/putduk-mining/.worktrees/pr38-followup-20261001","dirty"
"C:\Users\PC\Desktop\putduk-mining\.worktrees\pr38-followup-20261001\supabase\tests\database\service_role_image_default_floor.sql","C:/Users/PC/Desktop/putduk-mining/.worktrees/pr38-followup-20261001","dirty"
"C:\Users\PC\Desktop\putduk-mining\.worktrees\pr38-lane-a\lib\wallet\withdrawal-logical-request.ts","C:/Users/PC/Desktop/putduk-mining/.worktrees/pr38-lane-a","dirty"
"C:\Users\PC\Desktop\putduk-mining\.worktrees\pr38-lane-a\tests\e2e\authenticated\withdrawal-logical-idempotency.spec.ts","C:/Users/PC/Desktop/putduk-mining/.worktrees/pr38-lane-a","dirty"
"C:\Users\PC\Desktop\putduk-mining\.worktrees\pr38-lane-a\tests\unit\withdrawal-logical-request.test.ts","C:/Users/PC/Desktop/putduk-mining/.worktrees/pr38-lane-a","dirty"
"C:\Users\PC\Desktop\putduk-mining\.worktrees\pr38-lane-b\tests\e2e\authenticated\welcome-withdrawal-error-copy.spec.ts","C:/Users/PC/Desktop/putduk-mining/.worktrees/pr38-lane-b","dirty"
"C:\Users\PC\Desktop\putduk-mining\.worktrees\pr38-lane-b\tests\unit\welcome-withdrawal-error-copy.test.ts","C:/Users/PC/Desktop/putduk-mining/.worktrees/pr38-lane-b","dirty"
"C:\Users\PC\Desktop\putduk-mining\.worktrees\pr38-lane-c\supabase\migrations\20260930114500_acknowledge_reconciliation_mismatch.sql","C:/Users/PC/Desktop/putduk-mining/.worktrees/pr38-lane-c","dirty"
"C:\Users\PC\Desktop\putduk-mining\.worktrees\pr38-lane-c\supabase\tests\database\acknowledge_reconciliation_mismatch.sql","C:/Users/PC/Desktop/putduk-mining/.worktrees/pr38-lane-c","dirty"
"C:\Users\PC\Desktop\putduk-mining\.worktrees\pr38-lane-c\tests\e2e\authenticated\admin-exceptions-recon-ack.spec.ts","C:/Users/PC/Desktop/putduk-mining/.worktrees/pr38-lane-c","dirty"
"C:\Users\PC\Desktop\putduk-mining\.worktrees\pr38-withdrawal-p1\AGENTS.md","C:/Users/PC/Desktop/putduk-mining/.worktrees/pr38-withdrawal-p1","dirty"
"C:\Users\PC\Desktop\putduk-mining\.worktrees\pr40-ci-log-mask\scripts\redact-supabase-cli-stream.mjs","C:/Users/PC/Desktop/putduk-mining/.worktrees/pr40-ci-log-mask","dirty"
"C:\Users\PC\Desktop\putduk-mining\.worktrees\rc1\lane-c-worker\tests\unit\worker-recovery.test.ts","C:/Users/PC/Desktop/putduk-mining/.worktrees/rc1/lane-c-worker","dirty"
"C:\Users\PC\Desktop\putduk-mining\.worktrees\rc1\lane-i-observability\components\system\web-vitals-beacon.tsx","C:/Users/PC/Desktop/putduk-mining/.worktrees/rc1/lane-i-observability","dirty"
"C:\Users\PC\Desktop\putduk-mining\.worktrees\rc1\lane-i-observability\domain\analytics\funnel.ts","C:/Users/PC/Desktop/putduk-mining/.worktrees/rc1/lane-i-observability","dirty"
"C:\Users\PC\Desktop\putduk-mining\.worktrees\rc1\lane-i-observability\domain\analytics\observability.ts","C:/Users/PC/Desktop/putduk-mining/.worktrees/rc1/lane-i-observability","dirty"
"C:\Users\PC\Desktop\putduk-mining\.worktrees\rc1\lane-i-observability\lib\analytics\record-event.server.ts","C:/Users/PC/Desktop/putduk-mining/.worktrees/rc1/lane-i-observability","dirty"
"C:\Users\PC\Desktop\putduk-mining\.worktrees\rc1\lane-i-observability\tests\unit\observability-lane.test.ts","C:/Users/PC/Desktop/putduk-mining/.worktrees/rc1/lane-i-observability","dirty"
"C:\Users\PC\Desktop\putduk-mining\.worktrees\rc1\lane-k-fixes\supabase\migrations\20261005143000_withdrawal_idempotency_key_reuse.sql","C:/Users/PC/Desktop/putduk-mining/.worktrees/rc1/lane-k-fixes","dirty"
"C:\Users\PC\Desktop\putduk-mining\.worktrees\rc1\lane-k-fixes\supabase\tests\database\withdrawal_idempotency_key_reuse.sql","C:/Users/PC/Desktop/putduk-mining/.worktrees/rc1/lane-k-fixes","dirty"
"C:\Users\PC\Desktop\putduk-mining\.worktrees\rc1\lane-k-fixes\tests\unit\withdrawal-idempotency-key-reuse.test.ts","C:/Users/PC/Desktop/putduk-mining/.worktrees/rc1/lane-k-fixes","dirty"
"C:\Users\PC\Desktop\putduk-mining\.worktrees\rc1\lane-k-p1\apps\admin\tests\admin-browser-public-key.test.ts","C:/Users/PC/Desktop/putduk-mining/.worktrees/rc1/lane-k-p1","dirty"
"C:\Users\PC\Desktop\putduk-mining\.worktrees\ui-single-reference-20261006\lib\product\member-screen-facts.ts","C:/Users/PC/Desktop/putduk-mining/.worktrees/ui-single-reference-20261006","dirty"
"C:\Users\PC\Desktop\putduk-mining\.worktrees\ui-single-reference-20261006\lib\product\member-screen-present.ts","C:/Users/PC/Desktop/putduk-mining/.worktrees/ui-single-reference-20261006","dirty"
"C:\Users\PC\Desktop\putduk-mining\.worktrees\ui-single-reference-20261006\tests\unit\member-screen-present.test.ts","C:/Users/PC/Desktop/putduk-mining/.worktrees/ui-single-reference-20261006","dirty"
"C:\Users\PC\Desktop\putduk-mining\.worktrees\v2-admin-principal-read\apps\admin\app\(control)\members\_lib\mining-funding-display.ts","C:/Users/PC/Desktop/putduk-mining/.worktrees/v2-admin-principal-read","dirty"
"C:\Users\PC\Desktop\putduk-mining\.worktrees\v2-admin-principal-read\apps\admin\tests\member-mining-funding-display.test.ts","C:/Users/PC/Desktop/putduk-mining/.worktrees/v2-admin-principal-read","dirty"
"C:\Users\PC\Desktop\putduk-mining\.worktrees\v2-admin-release-ui\apps\admin\app\(control)\economy\policy-read-panel.tsx","C:/Users/PC/Desktop/putduk-mining/.worktrees/v2-admin-release-ui","dirty"
"C:\Users\PC\Desktop\putduk-mining\.worktrees\v2-admin-release-ui\apps\admin\lib\economy\policy-read-view.ts","C:/Users/PC/Desktop/putduk-mining/.worktrees/v2-admin-release-ui","dirty"
"C:\Users\PC\Desktop\putduk-mining\.worktrees\v2-ai-conversation\supabase\migrations\20261005040000_ai_conversation_storage.sql","C:/Users/PC/Desktop/putduk-mining/.worktrees/v2-ai-conversation","dirty"
"C:\Users\PC\Desktop\putduk-mining\.worktrees\v2-ai-conversation\supabase\tests\database\ai_conversation_storage.sql","C:/Users/PC/Desktop/putduk-mining/.worktrees/v2-ai-conversation","dirty"
"C:\Users\PC\Desktop\putduk-mining\.worktrees\v2-ai-summary\supabase\migrations\20261005064600_ai_conversation_summary_storage.sql","C:/Users/PC/Desktop/putduk-mining/.worktrees/v2-ai-summary","dirty"
"C:\Users\PC\Desktop\putduk-mining\.worktrees\v2-ai-summary\supabase\tests\database\ai_conversation_summaries.sql","C:/Users/PC/Desktop/putduk-mining/.worktrees/v2-ai-summary","dirty"
"C:\Users\PC\Desktop\putduk-mining\.worktrees\v2-ai-tools\supabase\migrations\20261005054518_ai_tool_evidence_storage.sql","C:/Users/PC/Desktop/putduk-mining/.worktrees/v2-ai-tools","dirty"
"C:\Users\PC\Desktop\putduk-mining\.worktrees\v2-ai-tools\supabase\tests\database\ai_tool_evidence.sql","C:/Users/PC/Desktop/putduk-mining/.worktrees/v2-ai-tools","dirty"
"C:\Users\PC\Desktop\putduk-mining\.worktrees\v2-capacity\supabase\migrations\20261004170000_funding_capacity_speed.sql","C:/Users/PC/Desktop/putduk-mining/.worktrees/v2-capacity","dirty"
"C:\Users\PC\Desktop\putduk-mining\.worktrees\v2-capacity\supabase\tests\database\funding_capacity_speed.sql","C:/Users/PC/Desktop/putduk-mining/.worktrees/v2-capacity","dirty"
"C:\Users\PC\Desktop\putduk-mining\.worktrees\v2-discovery\lib\trust\indexnow.ts","C:/Users/PC/Desktop/putduk-mining/.worktrees/v2-discovery","dirty"
"C:\Users\PC\Desktop\putduk-mining\.worktrees\v2-discovery\lib\trust\public-discovery.ts","C:/Users/PC/Desktop/putduk-mining/.worktrees/v2-discovery","dirty"
"C:\Users\PC\Desktop\putduk-mining\.worktrees\v2-discovery\public\putduk-mining-indexnow-v1.txt","C:/Users/PC/Desktop/putduk-mining/.worktrees/v2-discovery","dirty"
"C:\Users\PC\Desktop\putduk-mining\.worktrees\v2-discovery\tests\unit\public-discovery.test.ts","C:/Users/PC/Desktop/putduk-mining/.worktrees/v2-discovery","dirty"
"C:\Users\PC\Desktop\putduk-mining\.worktrees\v2-integrate\supabase\tests\database\funding_principal_newest_first.sql","C:/Users/PC/Desktop/putduk-mining/.worktrees/v2-integrate","dirty"
"C:\Users\PC\Desktop\putduk-mining\.worktrees\v2-keepall-rest\apps\admin\app\(control)\members\members.module.css","C:/Users/PC/Desktop/putduk-mining/.worktrees/v2-keepall-rest","dirty"
"C:\Users\PC\Desktop\putduk-mining\.worktrees\v2-keepall-rest\components\product\published-catalog-view.module.css","C:/Users/PC/Desktop/putduk-mining/.worktrees/v2-keepall-rest","dirty"
"C:\Users\PC\Desktop\putduk-mining\.worktrees\v2-keepall-rest\components\product\putduk-ai-chat.module.css","C:/Users/PC/Desktop/putduk-mining/.worktrees/v2-keepall-rest","dirty"
"C:\Users\PC\Desktop\putduk-mining\.worktrees\v2-keepall-rest\components\product\putduk-ai-dock.module.css","C:/Users/PC/Desktop/putduk-mining/.worktrees/v2-keepall-rest","dirty"
"C:\Users\PC\Desktop\putduk-mining\.worktrees\v2-member-visual\components\product\wallet-read-view.module.css","C:/Users/PC/Desktop/putduk-mining/.worktrees/v2-member-visual","dirty"
"C:\Users\PC\Desktop\putduk-mining\.worktrees\v2-member-visual\tests\unit\member-visual-composition.test.ts","C:/Users/PC/Desktop/putduk-mining/.worktrees/v2-member-visual","dirty"
"C:\Users\PC\Desktop\putduk-mining\.worktrees\v2-mining-layout\components\product\mining-amount-board.module.css","C:/Users/PC/Desktop/putduk-mining/.worktrees/v2-mining-layout","dirty"
"C:\Users\PC\Desktop\putduk-mining\.worktrees\v2-mining-layout\components\product\mining-amount-board.tsx","C:/Users/PC/Desktop/putduk-mining/.worktrees/v2-mining-layout","dirty"
"C:\Users\PC\Desktop\putduk-mining\.worktrees\v2-mining-layout\tests\unit\mining-amount-board.test.ts","C:/Users/PC/Desktop/putduk-mining/.worktrees/v2-mining-layout","dirty"
"C:\Users\PC\Desktop\putduk-mining\.worktrees\v2-mining-ui\lib\product\mining-server-display.ts","C:/Users/PC/Desktop/putduk-mining/.worktrees/v2-mining-ui","dirty"
"C:\Users\PC\Desktop\putduk-mining\.worktrees\v2-mining-ui\lib\product\read-mining-server-display.ts","C:/Users/PC/Desktop/putduk-mining/.worktrees/v2-mining-ui","dirty"
"C:\Users\PC\Desktop\putduk-mining\.worktrees\v2-mining-ui\supabase\migrations\20261004235000_member_mining_server_display.sql","C:/Users/PC/Desktop/putduk-mining/.worktrees/v2-mining-ui","dirty"
"C:\Users\PC\Desktop\putduk-mining\.worktrees\v2-mining-ui\supabase\migrations\20261005003000_mining_server_display_service_role.sql","C:/Users/PC/Desktop/putduk-mining/.worktrees/v2-mining-ui","dirty"
"C:\Users\PC\Desktop\putduk-mining\.worktrees\v2-mining-ui\supabase\tests\database\member_mining_server_display.sql","C:/Users/PC/Desktop/putduk-mining/.worktrees/v2-mining-ui","dirty"
"C:\Users\PC\Desktop\putduk-mining\.worktrees\v2-mining-ui\tests\unit\mining-server-display.test.ts","C:/Users/PC/Desktop/putduk-mining/.worktrees/v2-mining-ui","dirty"
"C:\Users\PC\Desktop\putduk-mining\.worktrees\v2-money\supabase\migrations\20261004203000_principal_recovery_newest_first.sql","C:/Users/PC/Desktop/putduk-mining/.worktrees/v2-money","dirty"
"C:\Users\PC\Desktop\putduk-mining\.worktrees\v2-money\supabase\tests\database\funding_principal_newest_first.sql","C:/Users/PC/Desktop/putduk-mining/.worktrees/v2-money","dirty"
"C:\Users\PC\Desktop\putduk-mining\.worktrees\v2-producer\supabase\migrations\20261004221500_funding_reward_pending.sql","C:/Users/PC/Desktop/putduk-mining/.worktrees/v2-producer","dirty"
"C:\Users\PC\Desktop\putduk-mining\.worktrees\v2-producer\supabase\migrations\20261004223000_mark_pending_reward_function_stable.sql","C:/Users/PC/Desktop/putduk-mining/.worktrees/v2-producer","dirty"
"C:\Users\PC\Desktop\putduk-mining\.worktrees\v2-producer\supabase\tests\database\funding_reward_pending.sql","C:/Users/PC/Desktop/putduk-mining/.worktrees/v2-producer","dirty"
"C:\Users\PC\Desktop\putduk-mining\.worktrees\v2-public-layout\app\(trust)\[...document]\public-help.module.css","C:/Users/PC/Desktop/putduk-mining/.worktrees/v2-public-layout","dirty"
"C:\Users\PC\Desktop\putduk-mining\.worktrees\v2-public-layout\app\(trust)\[...document]\public-help-document.tsx","C:/Users/PC/Desktop/putduk-mining/.worktrees/v2-public-layout","dirty"
"C:\Users\PC\Desktop\putduk-mining\.worktrees\v2-public-layout\app\public-home.module.css","C:/Users/PC/Desktop/putduk-mining/.worktrees/v2-public-layout","dirty"
"C:\Users\PC\Desktop\putduk-mining\.worktrees\v2-public-layout\tests\unit\public-layout-composition.test.ts","C:/Users/PC/Desktop/putduk-mining/.worktrees/v2-public-layout","dirty"
"C:\Users\PC\Desktop\putduk-mining\.worktrees\v2-public-mobile\app\(trust)\[...document]\trust-document.module.css","C:/Users/PC/Desktop/putduk-mining/.worktrees/v2-public-mobile","dirty"
"C:\Users\PC\Desktop\putduk-mining\.worktrees\v2-public-mobile\app\(trust)\trust-shell.module.css","C:/Users/PC/Desktop/putduk-mining/.worktrees/v2-public-mobile","dirty"
"C:\Users\PC\Desktop\putduk-mining\.worktrees\v2-wallet-display\lib\product\wallet-server-display.ts","C:/Users/PC/Desktop/putduk-mining/.worktrees/v2-wallet-display","dirty"
"C:\Users\PC\Desktop\putduk-mining\.worktrees\v2-wallet-display\tests\unit\wallet-server-display.test.ts","C:/Users/PC/Desktop/putduk-mining/.worktrees/v2-wallet-display","dirty"
"C:\Users\PC\Desktop\putduk-mining\.worktrees\w1-principal-revision\supabase\migrations\20261004121000_funding_principal_revision_foundation.sql","C:/Users/PC/Desktop/putduk-mining/.worktrees/w1-principal-revision","dirty"
"C:\Users\PC\Desktop\putduk-mining\.worktrees\w1-principal-revision\supabase\tests\database\funding_principal_revision.sql","C:/Users/PC/Desktop/putduk-mining/.worktrees/w1-principal-revision","dirty"
"C:\Users\PC\Desktop\putduk-mining\.worktrees\w2-entitlement\supabase\tests\database\funding_entitlement_foundation.sql","C:/Users/PC/Desktop/putduk-mining/.worktrees/w2-entitlement","dirty"
"C:\Users\PC\Desktop\putduk-mining\.worktrees\w3-cycle\.tmp-w3\","C:/Users/PC/Desktop/putduk-mining/.worktrees/w3-cycle","untracked"
"C:\Users\PC\Desktop\putduk-mining\.worktrees\w3-cycle\supabase\migrations\20261004140000_funding_cycle_foundation.sql","C:/Users/PC/Desktop/putduk-mining/.worktrees/w3-cycle","dirty"
"C:\Users\PC\Desktop\putduk-mining\.worktrees\w3-cycle\supabase\tests\database\funding_cycle_foundation.sql","C:/Users/PC/Desktop/putduk-mining/.worktrees/w3-cycle","dirty"
"C:\Users\PC\Desktop\putduk-mining\.worktrees\w4-segment\supabase\migrations\20261004183000_funding_segment_proration.sql","C:/Users/PC/Desktop/putduk-mining/.worktrees/w4-segment","dirty"
"C:\Users\PC\Desktop\putduk-mining\.worktrees\w4-segment\supabase\tests\database\funding_segment_proration.sql","C:/Users/PC/Desktop/putduk-mining/.worktrees/w4-segment","dirty"
"C:\Users\PC\Desktop\putduk-mining\10\354\233\2244\354\235\274 \355\215\274\353\234\251\353\252\251\354\227\205\354\202\254\354\247\204.zip","C:/Users/PC/Desktop/putduk-mining","untracked"
"C:\Users\PC\Desktop\putduk-mining\AGENTS.md","C:/Users/PC/Desktop/putduk-mining","dirty"
"C:\Users\PC\Desktop\putduk-mining\apps\admin\app\(control)\_lib\member-record-labels.ts","C:/Users/PC/Desktop/putduk-mining","untracked"
"C:\Users\PC\Desktop\putduk-mining\apps\admin\app\(control)\deposits\usdt\page.tsx","C:/Users/PC/Desktop/putduk-mining","dirty"
"C:\Users\PC\Desktop\putduk-mining\apps\admin\app\(control)\members\page.tsx","C:/Users/PC/Desktop/putduk-mining","dirty"
"C:\Users\PC\Desktop\putduk-mining\apps\admin\app\(control)\restrictions\page.tsx","C:/Users/PC/Desktop/putduk-mining","dirty"
"C:\Users\PC\Desktop\putduk-mining\apps\admin\tests\admin-usdt-deposits-canonical.test.ts","C:/Users/PC/Desktop/putduk-mining","dirty"
"C:\Users\PC\Desktop\putduk-mining\apps\admin\tests\member-record-labels.test.ts","C:/Users/PC/Desktop/putduk-mining","untracked"
"C:\Users\PC\Desktop\putduk-mining\CODEX_HANDOFF.md","C:/Users/PC/Desktop/putduk-mining","untracked"
"C:\Users\PC\Desktop\putduk-mining\CURRENT_STATE.md","C:/Users/PC/Desktop/putduk-mining","untracked"
"C:\Users\PC\Desktop\putduk-mining\docs\audit\","C:/Users/PC/Desktop/putduk-mining","untracked"
"C:\Users\PC\Desktop\putduk-mining\docs\quality\WS-05-CLOSURE.md","C:/Users/PC/Desktop/putduk-mining","dirty"
"C:\Users\PC\Desktop\putduk-mining\NEXT_STEPS.md","C:/Users/PC/Desktop/putduk-mining","untracked"
"C:\Users\PC\Desktop\putduk-mining\next-env.d.ts","C:/Users/PC/Desktop/putduk-mining","dirty"
"C:\Users\PC\Desktop\putduk-mining\PUTDUK_AUDIT_V3_1_INTEGRITY.json","C:/Users/PC/Desktop/putduk-mining","untracked"
"C:\Users\PC\Desktop\putduk-mining\PUTDUK_CURSOR_PARALLEL_FULL_AUDIT_V3_1_POSTMERGE.txt","C:/Users/PC/Desktop/putduk-mining","untracked"
"C:\Users\PC\Desktop\putduk-mining\PUTDUK_CURSOR_PARALLEL_IMPLEMENT_CI_MERGE_V4.txt","C:/Users/PC/Desktop/putduk-mining","untracked"
"C:\Users\PC\Desktop\putduk-mining\PUTDUK_MINING_FINAL_INTEGRATED_ARCHITECTURE_V2_UI_UX_2026-10-04.md","C:/Users/PC/Desktop/putduk-mining","untracked"
"C:\Users\PC\Desktop\putduk-mining\putduk-sk-hynix-mining-v3-precision.html","C:/Users/PC/Desktop/putduk-mining","untracked"
"C:\Users\PC\Desktop\putduk-mining\tests\e2e\authenticated\admin-krw-browser-money.spec.ts","C:/Users/PC/Desktop/putduk-mining","dirty"
"C:\Users\PC\Desktop\putduk-mining\tests\e2e\authenticated\admin-usdt-browser-money.spec.ts","C:/Users/PC/Desktop/putduk-mining","dirty"
"C:\Users\PC\Desktop\putduk-mining\tests\e2e\authenticated\admin-withdrawal-step-up.spec.ts","C:/Users/PC/Desktop/putduk-mining","dirty"
"C:\Users\PC\Desktop\putduk-mining\tests\e2e\authenticated\helpers\admin-money-ui.ts","C:/Users/PC/Desktop/putduk-mining","dirty"