"branch","head_sha","upstream","ahead","behind","upstream_status"
"codex/backend-review-r2-ci-20261009","1490cb7","origin/codex/backend-review-r2-ci-20261009","182","0","ahead"
"codex/local-cloud-recovery-admin-content-pwa","09fb8a8","","6","0","no_upstream"
"codex/local-cloud-recovery-finance-db","28f05f6","","7","0","no_upstream"
"codex/local-cloud-recovery-integration","c08a59c","","0","0","no_upstream"
"codex/local-cloud-recovery-provider","0140b05","","7","0","no_upstream"
"codex/operator-assistant-contract","296dd9f","","0","0","no_upstream"
"codex/pr38-destination-reauth","2af28e0","","0","0","no_upstream"
"codex/pr38-withdrawal-p1","e52b806","","0","0","no_upstream"
"codex/safe-mode-validation","f16a80e","","0","0","no_upstream"
"codex/ui-motion-remediation-20260930","865c3eb","","7","0","no_upstream"
"codex/ws-03-visual-lab","d90e43f","","0","0","no_upstream"
"cursor/lane-ai-conversation","41aa12b","origin/cursor/lane-ai-conversation","86","0","ahead"
"cursor/lane-money-withdrawal-source","4b65d8e","origin/cursor/lane-money-withdrawal-source","100","0","ahead"
"cursor/ui-single-reference-20261006","8b0f64e","origin/cursor/ui-single-reference-20261006","92","0","ahead"
"fix/start-active-single-status","95b54df","origin/fix/start-active-single-status","5","0","ahead"
"fix/wallet-krw-label-single","0efafa1","origin/fix/wallet-krw-label-single","10","0","ahead"
"local/pr38-followup-20261001","9133a3a","","0","0","no_upstream"
"local/pr40-ci-log-mask","e20fabd","","0","0","no_upstream"
"local/v2-auth-proof-20261005","4e4af5b","","0","0","no_upstream"
"rc1/lane-a-principal","d94bf8b","","0","0","no_upstream"
"rc1/lane-b-settlement","d94bf8b","","0","0","no_upstream"
"rc1/lane-c-worker","fea0ebf","","0","0","no_upstream"
"rc1/lane-e-member","d94bf8b","","0","0","no_upstream"
"rc1/lane-f-visual-fixes","39b857e","","0","0","no_upstream"
"rc1/lane-g-admin","1d0c685","","1","0","no_upstream"
"rc1/lane-g-admin-copy","bd1ca72","","0","0","no_upstream"
"rc1/lane-i-observability","8958e4b","","0","0","no_upstream"
"rc1/lane-j-discovery","5ea44b9","","0","0","no_upstream"
"rc1/lane-k-security-p1","3bbf293","origin/rc1/lane-k-security-p1","85","0","ahead"
"rc1/lane-k-withdrawal-idempotency","7d2f0b0","","0","0","no_upstream"
"rc1/macro-batch-1","5804edc","origin/rc1/macro-batch-1","82","0","ahead"
"rehearsal/local-only-not-for-push","52bcd1b","","14","0","no_upstream"
"repair/pr38-lane-a-idempotency","f458cf4","","1","0","no_upstream"
"repair/pr38-lane-b","243d577","","1","0","no_upstream"
"repair/pr38-lane-c","0ace803","","1","0","no_upstream"
"repair/pr38-lane-d-home-expiry","e8e6d09","","1","0","no_upstream"
"repair/pr38-lane-e-diff-ci","16147ed","","1","0","no_upstream"
"wave/entitlement-engine-foundation","bf5f6da","origin/wave/entitlement-engine-foundation","8","0","ahead"
"wave/mining-segment-proration","fade31d","origin/wave/mining-segment-proration","14","0","ahead"
"wave/principal-revision-foundation","b3f95b4","origin/wave/principal-revision-foundation","3","0","ahead"
"wave/thirty-day-cycle-foundation","9079fb0","origin/wave/thirty-day-cycle-foundation","12","0","ahead"
"wave/v2-admin-economy-read","33e8dee","","1","0","no_upstream"
"wave/v2-admin-principal-read","4a6b237","origin/wave/v2-admin-principal-read","32","0","ahead"
"wave/v2-admin-release-ui","250b5a2","origin/develop","1","43","ahead"
"wave/v2-ai-conversation","af46e14","origin/develop","1","68","ahead"
"wave/v2-ai-summary","19d5141","origin/develop","1","58","ahead"
"wave/v2-ai-tool-evidence","9ae8ec5","","0","0","no_upstream"
"wave/v2-capacity-speed","4b30005","","0","0","no_upstream"
"wave/v2-contract-sync","77f4da6","origin/develop","1","68","ahead"
"wave/v2-discovery","1dfb493","origin/develop","1","68","ahead"
"wave/v2-empty-mining-display","76dce98","origin/develop","1","43","ahead"
"wave/v2-home-products-display","7e26a75","","0","0","no_upstream"
"wave/v2-macro-1005","f551246","origin/wave/v2-macro-1005","38","0","ahead"
"wave/v2-macro-1005b","a0d0ee5","origin/wave/v2-macro-1005b","42","0","ahead"
"wave/v2-macro-1005c","f62ac02","origin/wave/v2-macro-1005c","46","0","ahead"
"wave/v2-macro-320","ac8edb9","origin/wave/v2-macro-320","55","0","ahead"
"wave/v2-macro-auth-public","0b29220","origin/wave/v2-macro-auth-public","51","0","ahead"
"wave/v2-macro-ui-batch","02a15e0","","0","0","no_upstream"
"wave/v2-member-release-ui","03fa506","origin/develop","1","43","ahead"
"wave/v2-member-visual","c74afa7","origin/develop","1","68","ahead"
"wave/v2-mining-320","24b632b","origin/develop","1","49","ahead"
"wave/v2-mining-server-display","c2bce05","origin/wave/v2-mining-server-display","28","0","ahead"
"wave/v2-public-mobile","326f3d1","origin/develop","1","43","ahead"
"wave/v2-release-integration","32b1cfd","origin/wave/v2-release-integration","20","0","ahead"
"wave/v2-reward-producer","a49d349","origin/wave/v2-reward-producer","24","0","ahead"
"wave/v2-theme-cards","268fa56","origin/develop","1","58","ahead"
"wave/v2-wallet-320","549db93","origin/develop","1","49","ahead"
"wave/v2-wallet-server-display","4e4c681","origin/wave/v2-wallet-server-display","30","0","ahead"
"ws04/admin-product","6de4f48","","0","0","no_upstream"
"ws04/qa-evidence","bdcd385","","0","0","no_upstream"
"ws04/qa-mining-language","382442d","","0","0","no_upstream"
"ws04/security-money-workers","b713843","","0","0","no_upstream"
"ws04/user-mining-language","79cff72","","0","0","no_upstream"
"ws04/user-product","428c8d1","","0","0","no_upstream"
"ws04/visual-closure","f47b967","origin/ws04/visual-closure","0","0","upstream_gone"
"ws05/authenticated-visual","7e35d89","","0","0","no_upstream"
"ws05/user-first-withdrawal","aa46ccf","","0","0","no_upstream"
"ws05/worker-runtime","2e445ce","","0","0","no_upstream"
